Mini Caravy,1,1,2,112,Lost
"Australian Collectables, Ltd",1,2,1,121,Lost
Alpha Cognac,1,2,2,122,Lost
Quebec Home Shopping Network,1,2,2,122,Lost
Petit Auto,1,2,2,122,Lost
Lyon Souveniers,1,2,2,122,Lost
Tekni Collectables Inc.,1,2,2,122,Lost
Gift Depot Inc.,1,2,3,123,Lost
Gifts4AllAges.com,1,3,2,132,Lost
Auto Canal Petit,1,3,3,133,Lost
"UK Collectables, Ltd.",1,3,3,133,Lost
"Tokyo Collectables, Ltd",1,3,3,133,Lost
Diecast Classics Inc.,1,3,4,134,Lost
Handji Gifts& Co,1,4,3,143,Lost
Reims Collectables,1,4,4,144,Lost
L'ordine Souveniers,1,4,4,144,Lost
Danish Wholesale Imports,1,4,4,144,Lost
Salzburg Collectables,1,4,4,144,Lost
Souveniers And Things Co.,1,4,4,144,Lost
The Sharp Gifts Warehouse,1,4,4,144,Lost
La Rochelle Gifts,1,4,4,144,Lost
Mini Gifts Distributors Ltd.,1,4,4,144,Lost
Euro Shopping Channel,1,4,4,144,Lost
"Australian Gift Network, Co",2,1,1,211,Slipping Away
Royale Belge,2,1,1,211,Slipping Away
Boards & Toys Co.,2,1,1,211,Slipping Away
Auto-Moto Classics Inc.,2,1,1,211,Slipping Away
Mini Auto Werke,2,1,1,211,Slipping Away
Gift Ideas Corp.,2,1,1,211,Slipping Away
Marseille Mini Autos,2,2,2,222,Slipping Away
Collectables For Less Inc.,2,2,2,222,Slipping Away
Signal Gift Stores,2,3,2,232,Slipping Away
FunGiftIdeas.com,2,3,3,233,Slipping Away
"Stylish Desk Decors, Co.",2,3,3,233,Slipping Away
"Oulu Toy Supplies, Inc.",2,3,3,233,Slipping Away
Toys4GrownUps.com,2,3,3,233,Slipping Away
"Toys of Finland, Co.",2,3,3,233,Slipping Away
Suominen Souveniers,2,3,3,233,Slipping Away
Mini Creations Ltd.,2,4,3,243,Slipping Away
Technics Stores Inc.,2,4,4,244,Slipping Away
Scandinavian Gift Ideas,2,4,4,244,Slipping Away
"Dragon Souveniers, Ltd.",2,4,4,244,Slipping Away
Muscle Machine Inc,2,4,4,244,Slipping Away
"Australian Collectors, Co.",2,4,4,244,Slipping Away
"Anna's Decorations, Ltd",2,4,4,244,Slipping Away
Corporate Gift Ideas Co.,2,4,4,244,Slipping Away
Microscale Inc.,3,1,1,311,Active - Low Value
Atelier graphique,3,1,1,311,Active - Low Value
"Volvo Model Replicas, Co",3,1,2,312,Active - Medium Value
"Classic Gift Ideas, Inc",3,2,1,321,Active - Low Value
Mini Wheels Co.,3,2,2,322,Active - Medium Value
Classic Legends Inc.,3,2,2,322,Active - Medium Value
giftsbymail.co.uk,3,2,2,322,Active - Medium Value
Enaco Distributors,3,2,2,322,Active - Medium Value
Canadian Gift Exchange Network,3,2,2,322,Active - Medium Value
Motor Mint Distributors Inc.,3,2,2,322,Active - Medium Value
"Blauer See Auto, Co.",3,2,2,322,Active - Medium Value
Vitachrome Inc.,3,2,3,323,Active - High Value
"La Corne D'abondance, Co.",3,2,3,323,Active - High Value
Mini Classics,3,3,2,332,Active - Medium Value
"Toms Spezialitten, Ltd",3,3,3,333,Active - High Value
Heintze Collectables,3,3,3,333,Active - High Value
Cruz & Sons Co.,3,3,3,333,Active - High Value
Baane Mini Imports,3,3,3,333,Active - High Value
"Corrida Auto Replicas, Ltd",3,3,4,334,Active - High Value
Online Diecast Creations Co.,3,4,4,344,Active - High Value
"AV Stores, Co.",3,4,4,344,Active - High Value
Rovelli Gifts,3,4,4,344,Active - High Value
Land of Toys Inc.,3,4,4,344,Active - High Value
Auto Assoc. & Cie.,4,1,1,411,Active - Low Value
"Clover Collections, Co.",4,1,1,411,Active - Low Value
"Iberia Gift Imports, Corp.",4,1,1,411,Active - Low Value
Online Mini Collectables,4,1,1,411,Active - Low Value
"Bavarian Collectables Imports, Co.",4,1,1,411,Active - Low Value
"Double Decker Gift Stores, Ltd",4,1,1,411,Active - Low Value
Cambridge Collectables Co.,4,1,1,411,Active - Low Value
West Coast Collectables Co.,4,1,1,411,Active - Low Value
"Men 'R' US Retailers, Ltd.",4,1,1,411,Active - Low Value
CAF Imports,4,1,1,411,Active - Low Value
Signal Collectibles Ltd.,4,1,1,411,Active - Low Value
Diecast Collectables,4,1,2,412,Active - Medium Value
Super Scale Inc.,4,1,2,412,Active - Medium Value
Osaka Souveniers Co.,4,2,1,421,Active - Low Value
Daedalus Designs Imports,4,2,1,421,Active - Low Value
"Norway Gifts By Mail, Co.",4,2,2,422,Active - Medium Value
Collectable Mini Designs Co.,4,2,3,423,Active - High Value
"Royal Canadian Collectables, Ltd.",4,3,2,432,Active - Medium Value
Amica Models & Co.,4,3,3,433,Active - High Value
"Vida Sport, Ltd",4,3,3,433,Active - High Value
Herkku Gifts,4,3,3,433,Active - High Value
Marta's Replicas Co.,4,3,3,433,Active - High Value
"Saveley & Henriot, Co.",4,4,4,444,Active - High Value
